h,exponent,architecture,num_parameters,dimension_computed,ambient_dimension,is_full_dimension,is_minimal,expected_dimension,defect_expected,defect_ambient,backend,primes,elapsed_seconds,status,covered_by_mfa,is_unimodal,shrunk_hidden_layers,defect,d0,dh,r
7.0,2.0,"[2, 3, 4, 5, 4, 6, 4, 1]",110.0,65.0,65.0,True,True,65,,,,,,,,False,,0.0,2,1,2
8.0,2.0,"[2, 3, 3, 5, 7, 6, 7, 4, 1]",181.0,129.0,129.0,True,True,129,,,,,,,,False,,0.0,2,1,2
8.0,2.0,"[2, 3, 3, 6, 7, 6, 7, 3, 1]",183.0,129.0,129.0,True,True,129,,,,,,,,False,,0.0,2,1,2
8.0,2.0,"[2, 3, 4, 5, 7, 6, 7, 3, 1]",181.0,129.0,129.0,True,True,129,,,,,,,,False,,0.0,2,1,2
8.0,2.0,"[2, 3, 3, 4, 7, 6, 8, 4, 1]",181.0,129.0,129.0,True,True,129,,,,,,,,False,,0.0,2,1,2
8.0,2.0,"[2, 3, 3, 5, 7, 6, 8, 3, 1]",182.0,129.0,129.0,True,True,129,,,,,,,,False,,0.0,2,1,2
8.0,2.0,"[2, 3, 4, 4, 7, 6, 8, 3, 1]",179.0,129.0,129.0,True,True,129,,,,,,,,False,,0.0,2,1,2
8.0,2.0,"[2, 3, 4, 6, 5, 8, 6, 3, 1]",181.0,129.0,129.0,True,True,129,,,,,,,,False,,0.0,2,1,2
8.0,2.0,"[2, 3, 4, 5, 4, 7, 9, 3, 1]",179.0,129.0,129.0,True,True,129,,,,,,,,False,,0.0,2,1,2
8.0,2.0,"[2, 3, 3, 4, 7, 6, 7, 6, 1]",187.0,129.0,129.0,True,True,129,,,,,,,,False,,0.0,2,1,2
8.0,2.0,"[2, 3, 4, 4, 7, 6, 7, 5, 1]",186.0,129.0,129.0,True,True,129,,,,,,,,False,,0.0,2,1,2
8.0,2.0,"[2, 3, 4, 5, 7, 5, 7, 5, 1]",183.0,129.0,129.0,True,True,129,,,,,,,,False,,0.0,2,1,2
8.0,2.0,"[2, 3, 4, 6, 7, 5, 7, 4, 1]",186.0,129.0,129.0,True,True,129,,,,,,,,False,,0.0,2,1,2
8.0,2.0,"[2, 3, 3, 5, 7, 5, 8, 5, 1]",185.0,129.0,129.0,True,True,129,,,,,,,,False,,0.0,2,1,2
8.0,2.0,"[2, 3, 4, 5, 4, 7, 8, 5, 1]",187.0,129.0,129.0,True,True,129,,,,,,,,False,,0.0,2,1,2
8.0,2.0,"[2, 3, 4, 5, 4, 8, 8, 4, 1]",190.0,129.0,129.0,True,True,129,,,,,,,,False,,0.0,2,1,2
8.0,2.0,"[2, 3, 4, 5, 6, 5, 8, 5, 1]",183.0,129.0,129.0,True,True,129,,,,,,,,False,,0.0,2,1,2
8.0,2.0,"[2, 3, 4, 5, 7, 5, 8, 4, 1]",184.0,129.0,129.0,True,True,129,,,,,,,,False,,0.0,2,1,2
8.0,2.0,"[2, 3, 4, 5, 8, 5, 7, 4, 1]",185.0,129.0,129.0,True,True,129,,,,,,,,False,,0.0,2,1,2
8.0,2.0,"[2, 3, 4, 5, 4, 6, 9, 5, 1]",186.0,129.0,129.0,True,True,129,,,,,,,,False,,0.0,2,1,2
8.0,2.0,"[2, 3, 3, 4, 7, 5, 9, 6, 1]",195.0,129.0,129.0,True,True,129,,,,,,,,False,,0.0,2,1,2
8.0,2.0,"[2, 3, 3, 5, 6, 5, 9, 6, 1]",195.0,129.0,129.0,True,True,129,,,,,,,,False,,0.0,2,1,2
8.0,2.0,"[2, 3, 4, 6, 6, 5, 7, 7, 1]",199.0,129.0,129.0,True,True,129,,,,,,,,False,,0.0,2,1,2
8.0,2.0,"[2, 3, 3, 6, 6, 5, 8, 8, 1]",211.0,129.0,129.0,True,True,129,,,,,,,,False,,0.0,2,1,2
8.0,2.0,"[2, 3, 4, 4, 7, 5, 8, 8, 1]",209.0,129.0,129.0,True,True,129,,,,,,,,False,,0.0,2,1,2
5.0,4.0,"[2, 4, 9, 8, 21, 1]",305.0,257.0,257.0,True,True,257,,,,,,,,False,,0.0,2,1,4
5.0,4.0,"[2, 5, 10, 7, 22, 1]",306.0,257.0,257.0,True,True,257,,,,,,,,False,,0.0,2,1,4
5.0,4.0,"[2, 4, 11, 10, 12, 1]",294.0,257.0,257.0,True,True,257,,,,,,,,False,,0.0,2,1,4
5.0,4.0,"[2, 3, 10, 8, 21, 1]",305.0,257.0,257.0,True,True,257,,,,,,,,False,,0.0,2,1,4
5.0,4.0,"[2, 4, 12, 8, 17, 1]",305.0,257.0,257.0,True,True,257,,,,,,,,False,,0.0,2,1,4
5.0,4.0,"[2, 5, 11, 9, 14, 1]",304.0,257.0,257.0,True,True,257,,,,,,,,False,,0.0,2,1,4
5.0,4.0,"[2, 3, 11, 8, 19, 1]",298.0,257.0,257.0,True,True,257,,,,,,,,False,,0.0,2,1,4
5.0,4.0,"[2, 4, 11, 7, 22, 1]",305.0,257.0,257.0,True,True,257,,,,,,,,False,,0.0,2,1,4
5.0,4.0,"[2, 4, 10, 7, 23, 1]",302.0,257.0,257.0,True,True,257,,,,,,,,False,,0.0,2,1,4
5.0,4.0,"[2, 3, 10, 9, 17, 1]",296.0,257.0,257.0,True,True,257,,,,,,,,False,,0.0,2,1,4
5.0,4.0,"[2, 5, 11, 8, 17, 1]",306.0,257.0,257.0,True,True,257,,,,,,,,False,,0.0,2,1,4
5.0,4.0,"[2, 4, 10, 9, 16, 1]",298.0,257.0,257.0,True,True,257,,,,,,,,False,,0.0,2,1,4
5.0,4.0,"[2, 4, 13, 9, 13, 1]",307.0,257.0,257.0,True,True,257,,,,,,,,False,,0.0,2,1,4
5.0,4.0,"[2, 5, 12, 9, 13, 1]",308.0,257.0,257.0,True,True,257,,,,,,,,False,,0.0,2,1,4
5.0,4.0,"[2, 4, 11, 8, 18, 1]",302.0,257.0,257.0,True,True,257,,,,,,,,False,,0.0,2,1,4
5.0,4.0,"[2, 3, 12, 10, 13, 1]",305.0,257.0,257.0,True,True,257,,,,,,,,False,,0.0,2,1,4
5.0,4.0,"[2, 3, 11, 9, 16, 1]",298.0,257.0,257.0,True,True,257,,,,,,,,False,,0.0,2,1,4
5.0,4.0,"[2, 4, 10, 8, 19, 1]",299.0,257.0,257.0,True,True,257,,,,,,,,False,,0.0,2,1,4
5.0,4.0,"[2, 5, 11, 7, 21, 1]",310.0,257.0,257.0,True,True,257,,,,,,,,False,,0.0,2,1,4
5.0,4.0,"[2, 3, 9, 8, 22, 1]",303.0,257.0,257.0,True,True,257,,,,,,,,False,,0.0,2,1,4
5.0,4.0,"[2, 4, 12, 9, 14, 1]",304.0,257.0,257.0,True,True,257,,,,,,,,False,,0.0,2,1,4
5.0,4.0,"[2, 5, 9, 8, 20, 1]",307.0,257.0,257.0,True,True,257,,,,,,,,False,,0.0,2,1,4
5.0,4.0,"[2, 4, 11, 9, 15, 1]",301.0,257.0,257.0,True,True,257,,,,,,,,False,,0.0,2,1,4
5.0,4.0,"[2, 3, 11, 10, 14, 1]",303.0,257.0,257.0,True,True,257,,,,,,,,False,,0.0,2,1,4
5.0,4.0,"[2, 4, 12, 7, 21, 1]",308.0,257.0,257.0,True,True,257,,,,,,,,False,,0.0,2,1,4
5.0,4.0,"[2, 4, 12, 10, 11, 1]",297.0,257.0,257.0,True,True,257,,,,,,,,False,,0.0,2,1,4
5.0,4.0,"[2, 5, 9, 7, 24, 1]",310.0,257.0,257.0,True,True,257,,,,,,,,False,,0.0,2,1,4
5.0,4.0,"[2, 3, 11, 7, 24, 1]",308.0,257.0,257.0,True,True,257,,,,,,,,False,,0.0,2,1,4
5.0,4.0,"[2, 4, 9, 7, 25, 1]",307.0,257.0,257.0,True,True,257,,,,,,,,False,,0.0,2,1,4
5.0,4.0,"[2, 3, 10, 7, 25, 1]",306.0,257.0,257.0,True,True,257,,,,,,,,False,,0.0,2,1,4
5.0,4.0,"[2, 3, 8, 7, 28, 1]",310.0,257.0,257.0,True,True,257,0.0,0.0,dim_backprop_gpu_only/CuPy-CUDA,"(10000019, 19511957)",1.3576632000040263,filling_maximal_subarchitecture_contradiction,"[[2, 3, 8, 7, 29, 1]]",False,[4],0.0,2,1,4
5.0,4.0,"[2, 6, 8, 7, 26, 1]",324.0,257.0,257.0,True,True,257,0.0,0.0,dim_backprop_gpu_only/CuPy-CUDA,"(10000019, 19511957)",1.240944400000444,filling_maximal_subarchitecture_contradiction,"[[2, 7, 8, 7, 26, 1]]",False,[1],0.0,2,1,4
5.0,4.0,"[2, 7, 5, 7, 30, 1]",324.0,257.0,257.0,True,True,257,0.0,0.0,dim_backprop_gpu_only/CuPy-CUDA,"(10000019, 19511957)",1.3572550999961095,filling_maximal_subarchitecture_contradiction,"[[2, 7, 6, 7, 30, 1], [2, 8, 5, 7, 30, 1]]",False,"[1, 2]",0.0,2,1,4
5.0,4.0,"[2, 7, 6, 7, 29, 1]",330.0,257.0,257.0,True,True,257,0.0,0.0,dim_backprop_gpu_only/CuPy-CUDA,"(10000019, 19511957)",0.9531916999985696,filling_maximal_subarchitecture_contradiction,"[[2, 7, 6, 7, 30, 1]]",False,[4],0.0,2,1,4
5.0,4.0,"[2, 8, 5, 8, 26, 1]",330.0,257.0,257.0,True,True,257,0.0,0.0,dim_backprop_gpu_only/CuPy-CUDA,"(10000019, 19511957)",0.8532586000001174,filling_maximal_subarchitecture_contradiction,"[[2, 9, 5, 8, 26, 1]]",False,[1],0.0,2,1,4
6.0,4.0,"[2, 14, 6, 51, 15, 5, 1]",1263.0,1025.0,1025.0,True,True,1025,0.0,0.0,dim_backprop_gpu_only/CuPy-CUDA,"(10000019, 19511957)",2.7575102999981027,filling_maximal_subarchitecture_contradiction,"[[2, 14, 7, 51, 15, 5, 1]]",False,[2],0.0,2,1,4
6.0,4.0,"[2, 14, 7, 50, 15, 5, 1]",1306.0,1025.0,1025.0,True,True,1025,0.0,0.0,dim_backprop_gpu_only/CuPy-CUDA,"(10000019, 19511957)",4.124986399998306,filling_maximal_subarchitecture_contradiction,"[[2, 14, 7, 51, 15, 5, 1]]",False,[3],0.0,2,1,4
6.0,4.0,"[2, 13, 7, 51, 15, 5, 1]",1319.0,1025.0,1025.0,True,True,1025,0.0,0.0,dim_backprop_gpu_only/CuPy-CUDA,"(10000019, 19511957)",6.440702799998689,filling_maximal_subarchitecture_contradiction,"[[2, 14, 7, 51, 15, 5, 1]]",False,[1],0.0,2,1,4
5.0,5.0,"[2, 36, 28, 12, 28, 1]",1780.0,626.0,626.0,True,True,626,,,,,,,,False,,0.0,2,1,5
5.0,5.0,"[2, 23, 13, 13, 34, 1]",990.0,626.0,626.0,True,True,626,,,,,,,,False,,0.0,2,1,5
5.0,5.0,"[2, 33, 11, 14, 34, 1]",1093.0,626.0,626.0,True,True,626,,,,,,,,False,,0.0,2,1,5
5.0,5.0,"[2, 28, 18, 22, 10, 1]",1186.0,626.0,626.0,True,True,626,,,,,,,,False,,0.0,2,1,5
5.0,5.0,"[2, 32, 6, 17, 36, 1]",1006.0,626.0,626.0,True,True,626,,,,,,,,False,,0.0,2,1,5
5.0,5.0,"[2, 16, 12, 17, 30, 1]",968.0,626.0,626.0,True,True,626,,,,,,,,False,,0.0,2,1,5
5.0,5.0,"[2, 32, 7, 15, 40, 1]",1033.0,626.0,626.0,True,True,626,,,,,,,,False,,0.0,2,1,5
5.0,5.0,"[2, 5, 26, 15, 17, 1]",802.0,626.0,626.0,True,True,626,,,,,,,,False,,0.0,2,1,5
5.0,5.0,"[2, 11, 7, 34, 12, 1]",757.0,626.0,626.0,True,True,626,,,,,,,,False,,0.0,2,1,5
5.0,5.0,"[2, 9, 25, 16, 19, 1]",966.0,626.0,626.0,True,True,626,,,,,,,,False,,0.0,2,1,5
5.0,5.0,"[2, 4, 28, 13, 24, 1]",820.0,626.0,626.0,True,True,626,,,,,,,,False,,0.0,2,1,5
5.0,5.0,"[2, 17, 35, 14, 23, 1]",1464.0,626.0,626.0,True,True,626,,,,,,,,False,,0.0,2,1,5
5.0,5.0,"[2, 22, 23, 13, 25, 1]",1199.0,626.0,626.0,True,True,626,,,,,,,,False,,0.0,2,1,5
5.0,5.0,"[2, 16, 34, 10, 38, 1]",1334.0,626.0,626.0,True,True,626,,,,,,,,False,,0.0,2,1,5
5.0,5.0,"[2, 10, 26, 10, 40, 1]",980.0,626.0,626.0,True,True,626,,,,,,,,False,,0.0,2,1,5
5.0,5.0,"[2, 20, 15, 13, 32, 1]",983.0,626.0,626.0,True,True,626,,,,,,,,False,,0.0,2,1,5
5.0,5.0,"[2, 12, 5, 37, 16, 1]",877.0,626.0,626.0,True,True,626,,,,,,,,False,,0.0,2,1,5
5.0,5.0,"[2, 28, 11, 21, 21, 1]",1057.0,626.0,626.0,True,True,626,,,,,,,,False,,0.0,2,1,5
5.0,5.0,"[2, 33, 7, 26, 18, 1]",965.0,626.0,626.0,True,True,626,,,,,,,,False,,0.0,2,1,5
5.0,5.0,"[2, 20, 5, 34, 14, 1]",800.0,626.0,626.0,True,True,626,,,,,,,,False,,0.0,2,1,5
5.0,5.0,"[2, 4, 37, 14, 22, 1]",1004.0,626.0,626.0,True,True,626,,,,,,,,False,,0.0,2,1,5
5.0,5.0,"[2, 21, 21, 12, 32, 1]",1151.0,626.0,626.0,True,True,626,,,,,,,,False,,0.0,2,1,5
5.0,5.0,"[2, 16, 4, 19, 29, 1]",752.0,626.0,626.0,True,True,626,,,,,,,,False,,0.0,2,1,5
5.0,5.0,"[2, 34, 5, 40, 12, 1]",930.0,626.0,626.0,True,True,626,,,,,,,,False,,0.0,2,1,5
5.0,5.0,"[2, 5, 29, 12, 28, 1]",867.0,626.0,626.0,True,True,626,,,,,,,,False,,0.0,2,1,5
5.0,5.0,"[2, 28, 13, 15, 31, 1]",1111.0,626.0,626.0,True,True,626,,,,,,,,False,,0.0,2,1,5
5.0,5.0,"[2, 36, 16, 28, 5, 1]",1241.0,626.0,626.0,True,True,626,,,,,,,,False,,0.0,2,1,5
5.0,5.0,"[2, 18, 9, 34, 10, 1]",854.0,626.0,626.0,True,True,626,,,,,,,,False,,0.0,2,1,5
5.0,5.0,"[2, 25, 15, 15, 28, 1]",1098.0,626.0,626.0,True,True,626,,,,,,,,False,,0.0,2,1,5
5.0,5.0,"[2, 30, 11, 26, 13, 1]",1027.0,626.0,626.0,True,True,626,,,,,,,,False,,0.0,2,1,5
5.0,5.0,"[2, 36, 7, 18, 27, 1]",963.0,626.0,626.0,True,True,626,,,,,,,,False,,0.0,2,1,5
5.0,5.0,"[2, 26, 4, 39, 13, 1]",832.0,626.0,626.0,True,True,626,,,,,,,,False,,0.0,2,1,5
5.0,5.0,"[2, 27, 11, 19, 24, 1]",1040.0,626.0,626.0,True,True,626,,,,,,,,False,,0.0,2,1,5
5.0,5.0,"[2, 35, 13, 39, 6, 1]",1272.0,626.0,626.0,True,True,626,,,,,,,,False,,0.0,2,1,5
5.0,5.0,"[2, 4, 36, 15, 20, 1]",1012.0,626.0,626.0,True,True,626,,,,,,,,False,,0.0,2,1,5
5.0,5.0,"[2, 28, 16, 32, 5, 1]",1181.0,626.0,626.0,True,True,626,,,,,,,,False,,0.0,2,1,5
5.0,5.0,"[2, 20, 16, 20, 16, 1]",1016.0,626.0,626.0,True,True,626,,,,,,,,False,,0.0,2,1,5
5.0,5.0,"[2, 12, 11, 35, 7, 1]",793.0,626.0,626.0,True,True,626,,,,,,,,False,,0.0,2,1,5
5.0,5.0,"[2, 13, 9, 33, 12, 1]",848.0,626.0,626.0,True,True,626,,,,,,,,False,,0.0,2,1,5
5.0,5.0,"[2, 17, 10, 33, 10, 1]",874.0,626.0,626.0,True,True,626,,,,,,,,False,,0.0,2,1,5
5.0,5.0,"[2, 19, 16, 34, 5, 1]",1061.0,626.0,626.0,True,True,626,,,,,,,,False,,0.0,2,1,5
5.0,5.0,"[2, 4, 24, 16, 24, 1]",896.0,626.0,626.0,True,True,626,,,,,,,,False,,0.0,2,1,5
5.0,5.0,"[2, 30, 12, 18, 25, 1]",1111.0,626.0,626.0,True,True,626,,,,,,,,False,,0.0,2,1,5
5.0,5.0,"[2, 35, 20, 12, 34, 1]",1452.0,626.0,626.0,True,True,626,,,,,,,,False,,0.0,2,1,5
5.0,5.0,"[2, 8, 17, 15, 28, 1]",855.0,626.0,626.0,True,True,626,,,,,,,,False,,0.0,2,1,5
5.0,5.0,"[2, 12, 19, 13, 26, 1]",863.0,626.0,626.0,True,True,626,,,,,,,,False,,0.0,2,1,5
5.0,5.0,"[2, 36, 12, 26, 11, 1]",1113.0,626.0,626.0,True,True,626,,,,,,,,False,,0.0,2,1,5
5.0,5.0,"[2, 37, 7, 17, 35, 1]",1082.0,626.0,626.0,True,True,626,,,,,,,,False,,0.0,2,1,5
5.0,5.0,"[2, 9, 22, 13, 32, 1]",950.0,626.0,626.0,True,True,626,,,,,,,,False,,0.0,2,1,5
5.0,5.0,"[2, 30, 10, 28, 12, 1]",988.0,626.0,626.0,True,True,626,,,,,,,,False,,0.0,2,1,5
5.0,5.0,"[2, 10, 17, 11, 35, 1]",797.0,626.0,626.0,True,True,626,,,,,,,,False,,0.0,2,1,5
5.0,5.0,"[2, 19, 6, 25, 19, 1]",796.0,626.0,626.0,True,True,626,,,,,,,,False,,0.0,2,1,5
5.0,5.0,"[2, 11, 5, 26, 21, 1]",774.0,626.0,626.0,True,True,626,,,,,,,,False,,0.0,2,1,5
5.0,5.0,"[2, 29, 27, 12, 29, 1]",1542.0,626.0,626.0,True,True,626,,,,,,,,False,,0.0,2,1,5
5.0,5.0,"[2, 34, 12, 33, 8, 1]",1144.0,626.0,626.0,True,True,626,,,,,,,,False,,0.0,2,1,5
5.0,5.0,"[2, 21, 16, 21, 12, 1]",978.0,626.0,626.0,True,True,626,,,,,,,,False,,0.0,2,1,5
5.0,5.0,"[2, 12, 8, 17, 32, 1]",832.0,626.0,626.0,True,True,626,,,,,,,,False,,0.0,2,1,5
5.0,5.0,"[2, 10, 5, 17, 40, 1]",875.0,626.0,626.0,True,True,626,,,,,,,,False,,0.0,2,1,5
5.0,5.0,"[2, 14, 21, 15, 20, 1]",957.0,626.0,626.0,True,True,626,,,,,,,,False,,0.0,2,1,5
5.0,5.0,"[2, 23, 16, 16, 20, 1]",1010.0,626.0,626.0,True,True,626,,,,,,,,False,,0.0,2,1,5
5.0,5.0,"[2, 25, 19, 15, 19, 1]",1114.0,626.0,626.0,True,True,626,,,,,,,,False,,0.0,2,1,5
5.0,5.0,"[2, 13, 8, 37, 9, 1]",768.0,626.0,626.0,True,True,626,,,,,,,,False,,0.0,2,1,5
5.0,5.0,"[2, 19, 14, 18, 25, 1]",1031.0,626.0,626.0,True,True,626,,,,,,,,False,,0.0,2,1,5
5.0,5.0,"[2, 9, 27, 13, 27, 1]",990.0,626.0,626.0,True,True,626,,,,,,,,False,,0.0,2,1,5
5.0,5.0,"[2, 33, 16, 14, 30, 1]",1268.0,626.0,626.0,True,True,626,,,,,,,,False,,0.0,2,1,5
5.0,5.0,"[2, 32, 16, 15, 23, 1]",1184.0,626.0,626.0,True,True,626,,,,,,,,False,,0.0,2,1,5
5.0,5.0,"[2, 13, 10, 24, 15, 1]",771.0,626.0,626.0,True,True,626,,,,,,,,False,,0.0,2,1,5
5.0,5.0,"[2, 16, 13, 22, 14, 1]",848.0,626.0,626.0,True,True,626,,,,,,,,False,,0.0,2,1,5
5.0,5.0,"[2, 22, 13, 14, 32, 1]",992.0,626.0,626.0,True,True,626,,,,,,,,False,,0.0,2,1,5
5.0,5.0,"[2, 9, 17, 15, 27, 1]",858.0,626.0,626.0,True,True,626,,,,,,,,False,,0.0,2,1,5
5.0,5.0,"[2, 29, 19, 17, 18, 1]",1256.0,626.0,626.0,True,True,626,,,,,,,,False,,0.0,2,1,5
5.0,5.0,"[2, 37, 13, 27, 9, 1]",1158.0,626.0,626.0,True,True,626,,,,,,,,False,,0.0,2,1,5
5.0,5.0,"[2, 34, 10, 32, 11, 1]",1091.0,626.0,626.0,True,True,626,,,,,,,,False,,0.0,2,1,5
5.0,5.0,"[2, 30, 20, 14, 25, 1]",1315.0,626.0,626.0,True,True,626,,,,,,,,False,,0.0,2,1,5
5.0,5.0,"[2, 33, 16, 19, 17, 1]",1238.0,626.0,626.0,True,True,626,,,,,,,,False,,0.0,2,1,5
5.0,5.0,"[2, 30, 13, 16, 25, 1]",1083.0,626.0,626.0,True,True,626,,,,,,,,False,,0.0,2,1,5
5.0,5.0,"[2, 4, 18, 16, 26, 1]",810.0,626.0,626.0,True,True,626,,,,,,,,False,,0.0,2,1,5
5.0,5.0,"[2, 4, 24, 12, 32, 1]",808.0,626.0,626.0,True,True,626,,,,,,,,False,,0.0,2,1,5
5.0,5.0,"[2, 4, 22, 14, 26, 1]",794.0,626.0,626.0,True,True,626,,,,,,,,False,,0.0,2,1,5
5.0,5.0,"[2, 4, 16, 14, 34, 1]",806.0,626.0,626.0,True,True,626,,,,,,,,False,,0.0,2,1,5
5.0,5.0,"[2, 8, 6, 30, 15, 1]",709.0,626.0,626.0,True,True,626,0.0,0.0,dim_backprop_gpu_only/CuPy-CUDA,"(10000019, 19511957)",3.41312889999972,filling_maximal_subarchitecture_contradiction,"[[2, 8, 6, 31, 15, 1]]",False,[3],0.0,2,1,5
5.0,5.0,"[2, 4, 21, 11, 33, 1]",719.0,626.0,626.0,True,True,626,0.0,0.0,dim_backprop_gpu_only/CuPy-CUDA,"(10000019, 19511957)",2.808963800001948,filling_maximal_subarchitecture_contradiction,"[[2, 4, 21, 12, 33, 1]]",False,[3],0.0,2,1,5
5.0,5.0,"[2, 7, 6, 31, 15, 1]",722.0,626.0,626.0,True,True,626,0.0,0.0,dim_backprop_gpu_only/CuPy-CUDA,"(10000019, 19511957)",3.2353749999965657,filling_maximal_subarchitecture_contradiction,"[[2, 8, 6, 31, 15, 1]]",False,[1],0.0,2,1,5
5.0,5.0,"[2, 9, 4, 23, 24, 1]",722.0,626.0,626.0,True,True,626,0.0,0.0,dim_backprop_gpu_only/CuPy-CUDA,"(10000019, 19511957)",2.246856099998695,filling_maximal_subarchitecture_contradiction,"[[2, 9, 4, 24, 24, 1]]",False,[3],0.0,2,1,5
5.0,5.0,"[2, 9, 4, 24, 23, 1]",725.0,626.0,626.0,True,True,626,0.0,0.0,dim_backprop_gpu_only/CuPy-CUDA,"(10000019, 19511957)",1.987208000005921,filling_maximal_subarchitecture_contradiction,"[[2, 9, 4, 24, 24, 1]]",False,[4],0.0,2,1,5
4.0,6.0,"[2, 6, 5, 38, 1]",270.0,217.0,217.0,True,True,217,,,,,,,,False,,0.0,2,1,6
5.0,6.0,"[2, 36, 20, 47, 36, 1]",3460.0,1297.0,1297.0,True,True,1297,,,,,,,,False,,0.0,2,1,6
5.0,6.0,"[2, 11, 8, 49, 21, 1]",1552.0,1297.0,1297.0,True,True,1297,,,,,,,,False,,0.0,2,1,6
5.0,6.0,"[2, 43, 15, 37, 32, 1]",2502.0,1297.0,1297.0,True,True,1297,,,,,,,,False,,0.0,2,1,6
5.0,6.0,"[2, 15, 42, 26, 39, 1]",2805.0,1297.0,1297.0,True,True,1297,,,,,,,,False,,0.0,2,1,6
5.0,6.0,"[2, 48, 20, 46, 12, 1]",2540.0,1297.0,1297.0,True,True,1297,,,,,,,,False,,0.0,2,1,6
5.0,6.0,"[2, 37, 12, 28, 43, 1]",2101.0,1297.0,1297.0,True,True,1297,,,,,,,,False,,0.0,2,1,6
4.0,7.0,"[2, 7, 6, 51, 1]",413.0,344.0,344.0,True,True,344,,,,,,,,False,,0.0,2,1,7
9.0,2.0,"[2, 3, 4, 5, 18, 12, 13, 12, 4, 2]",712.0,514.0,514.0,True,True,514,,,,,,,,False,,0.0,2,2,2
9.0,2.0,"[2, 3, 6, 9, 10, 15, 11, 12, 4, 2]",671.0,514.0,514.0,True,True,514,,,,,,,,False,,0.0,2,2,2
9.0,2.0,"[2, 4, 5, 7, 10, 15, 11, 12, 4, 2]",636.0,514.0,514.0,True,True,514,,,,,,,,False,,0.0,2,2,2
9.0,2.0,"[2, 3, 4, 4, 10, 17, 11, 12, 4, 2]",619.0,514.0,514.0,True,True,514,,,,,,,,False,,0.0,2,2,2
5.0,3.0,"[2, 4, 7, 6, 16, 2]",206.0,164.0,164.0,True,True,164,,,,,,,,False,,0.0,2,2,3
6.0,3.0,"[2, 9, 10, 9, 16, 19, 2]",684.0,488.0,488.0,True,True,488,,,,,,,,False,,0.0,2,2,3
6.0,3.0,"[2, 10, 9, 9, 16, 20, 2]",695.0,488.0,488.0,True,True,488,,,,,,,,False,,0.0,2,2,3
6.0,3.0,"[2, 14, 5, 20, 14, 14, 2]",702.0,488.0,488.0,True,True,488,,,,,,,,False,,0.0,2,2,3
6.0,3.0,"[2, 14, 7, 15, 16, 11, 2]",669.0,488.0,488.0,True,True,488,,,,,,,,False,,0.0,2,2,3
6.0,3.0,"[2, 20, 13, 13, 16, 12, 2]",893.0,488.0,488.0,True,True,488,,,,,,,,False,,0.0,2,2,3
6.0,3.0,"[2, 10, 6, 17, 14, 16, 2]",676.0,488.0,488.0,True,True,488,,,,,,,,False,,0.0,2,2,3
6.0,3.0,"[2, 20, 8, 6, 20, 20, 2]",808.0,488.0,488.0,True,True,488,,,,,,,,False,,0.0,2,2,3
6.0,3.0,"[2, 13, 17, 13, 19, 9, 2]",904.0,488.0,488.0,True,True,488,,,,,,,,False,,0.0,2,2,3
6.0,3.0,"[2, 16, 10, 11, 15, 16, 2]",739.0,488.0,488.0,True,True,488,,,,,,,,False,,0.0,2,2,3
6.0,3.0,"[2, 9, 14, 18, 11, 18, 2]",828.0,488.0,488.0,True,True,488,,,,,,,,False,,0.0,2,2,3
6.0,3.0,"[2, 6, 17, 13, 14, 18, 2]",805.0,488.0,488.0,True,True,488,,,,,,,,False,,0.0,2,2,3
6.0,3.0,"[2, 8, 14, 14, 12, 20, 2]",772.0,488.0,488.0,True,True,488,,,,,,,,False,,0.0,2,2,3
6.0,3.0,"[2, 20, 5, 16, 13, 19, 2]",713.0,488.0,488.0,True,True,488,,,,,,,,False,,0.0,2,2,3
6.0,3.0,"[2, 17, 8, 12, 17, 12, 2]",698.0,488.0,488.0,True,True,488,,,,,,,,False,,0.0,2,2,3
6.0,3.0,"[2, 10, 8, 16, 10, 20, 2]",628.0,488.0,488.0,True,True,488,,,,,,,,False,,0.0,2,2,3
6.0,3.0,"[2, 8, 16, 13, 15, 14, 2]",785.0,488.0,488.0,True,True,488,,,,,,,,False,,0.0,2,2,3
6.0,3.0,"[2, 8, 5, 11, 19, 18, 2]",698.0,488.0,488.0,True,True,488,,,,,,,,False,,0.0,2,2,3
6.0,3.0,"[2, 7, 17, 12, 13, 17, 2]",748.0,488.0,488.0,True,True,488,,,,,,,,False,,0.0,2,2,3
6.0,3.0,"[2, 17, 10, 11, 17, 13, 2]",748.0,488.0,488.0,True,True,488,,,,,,,,False,,0.0,2,2,3
6.0,3.0,"[2, 7, 6, 16, 18, 14, 2]",720.0,488.0,488.0,True,True,488,,,,,,,,False,,0.0,2,2,3
6.0,3.0,"[2, 15, 8, 16, 12, 16, 2]",694.0,488.0,488.0,True,True,488,,,,,,,,False,,0.0,2,2,3
6.0,3.0,"[2, 16, 5, 16, 16, 10, 2]",628.0,488.0,488.0,True,True,488,,,,,,,,False,,0.0,2,2,3
6.0,3.0,"[2, 11, 9, 10, 20, 11, 2]",653.0,488.0,488.0,True,True,488,,,,,,,,False,,0.0,2,2,3
6.0,3.0,"[2, 9, 7, 15, 13, 15, 2]",606.0,488.0,488.0,True,True,488,,,,,,,,False,,0.0,2,2,3
6.0,3.0,"[2, 12, 10, 20, 16, 6, 2]",772.0,488.0,488.0,True,True,488,,,,,,,,False,,0.0,2,2,3
6.0,3.0,"[2, 17, 13, 10, 14, 19, 2]",829.0,488.0,488.0,True,True,488,,,,,,,,False,,0.0,2,2,3
6.0,3.0,"[2, 7, 13, 8, 20, 14, 2]",677.0,488.0,488.0,True,True,488,,,,,,,,False,,0.0,2,2,3
6.0,3.0,"[2, 5, 17, 18, 12, 16, 2]",841.0,488.0,488.0,True,True,488,,,,,,,,False,,0.0,2,2,3
6.0,3.0,"[2, 15, 11, 15, 17, 7, 2]",748.0,488.0,488.0,True,True,488,,,,,,,,False,,0.0,2,2,3
6.0,3.0,"[2, 16, 10, 13, 13, 20, 2]",791.0,488.0,488.0,True,True,488,,,,,,,,False,,0.0,2,2,3
6.0,3.0,"[2, 18, 12, 15, 12, 17, 2]",850.0,488.0,488.0,True,True,488,,,,,,,,False,,0.0,2,2,3
6.0,3.0,"[2, 5, 16, 20, 11, 20, 2]",890.0,488.0,488.0,True,True,488,,,,,,,,False,,0.0,2,2,3
6.0,3.0,"[2, 10, 8, 14, 13, 15, 2]",619.0,488.0,488.0,True,True,488,,,,,,,,False,,0.0,2,2,3
6.0,3.0,"[2, 11, 14, 14, 13, 14, 2]",764.0,488.0,488.0,True,True,488,,,,,,,,False,,0.0,2,2,3
6.0,3.0,"[2, 17, 7, 14, 18, 9, 2]",683.0,488.0,488.0,True,True,488,,,,,,,,False,,0.0,2,2,3
6.0,3.0,"[2, 6, 10, 17, 13, 15, 2]",688.0,488.0,488.0,True,True,488,,,,,,,,False,,0.0,2,2,3
6.0,3.0,"[2, 17, 6, 20, 18, 6, 2]",736.0,488.0,488.0,True,True,488,,,,,,,,False,,0.0,2,2,3
6.0,3.0,"[2, 12, 5, 15, 17, 12, 2]",642.0,488.0,488.0,True,True,488,,,,,,,,False,,0.0,2,2,3
6.0,3.0,"[2, 10, 18, 9, 18, 14, 2]",804.0,488.0,488.0,True,True,488,,,,,,,,False,,0.0,2,2,3
6.0,3.0,"[2, 10, 8, 18, 11, 17, 2]",663.0,488.0,488.0,True,True,488,,,,,,,,False,,0.0,2,2,3
6.0,3.0,"[2, 10, 6, 16, 13, 19, 2]",669.0,488.0,488.0,True,True,488,,,,,,,,False,,0.0,2,2,3
6.0,3.0,"[2, 15, 9, 16, 13, 13, 2]",712.0,488.0,488.0,True,True,488,,,,,,,,False,,0.0,2,2,3
6.0,3.0,"[2, 5, 19, 6, 19, 20, 2]",753.0,488.0,488.0,True,True,488,,,,,,,,False,,0.0,2,2,3
6.0,3.0,"[2, 20, 17, 13, 17, 11, 2]",1031.0,488.0,488.0,True,True,488,,,,,,,,False,,0.0,2,2,3
6.0,3.0,"[2, 12, 7, 8, 16, 19, 2]",634.0,488.0,488.0,True,True,488,,,,,,,,False,,0.0,2,2,3
6.0,3.0,"[2, 8, 16, 8, 19, 16, 2]",760.0,488.0,488.0,True,True,488,,,,,,,,False,,0.0,2,2,3
6.0,3.0,"[2, 15, 7, 14, 12, 19, 2]",667.0,488.0,488.0,True,True,488,,,,,,,,False,,0.0,2,2,3
6.0,3.0,"[2, 5, 15, 10, 17, 16, 2]",709.0,488.0,488.0,True,True,488,,,,,,,,False,,0.0,2,2,3
6.0,3.0,"[2, 18, 5, 18, 13, 13, 2]",645.0,488.0,488.0,True,True,488,,,,,,,,False,,0.0,2,2,3
6.0,3.0,"[2, 7, 6, 8, 18, 19, 2]",628.0,488.0,488.0,True,True,488,,,,,,,,False,,0.0,2,2,3
6.0,3.0,"[2, 6, 15, 14, 18, 11, 2]",784.0,488.0,488.0,True,True,488,,,,,,,,False,,0.0,2,2,3
6.0,3.0,"[2, 5, 20, 11, 14, 19, 2]",788.0,488.0,488.0,True,True,488,,,,,,,,False,,0.0,2,2,3
6.0,3.0,"[2, 14, 8, 8, 20, 14, 2]",672.0,488.0,488.0,True,True,488,,,,,,,,False,,0.0,2,2,3
6.0,3.0,"[2, 13, 17, 12, 20, 8, 2]",867.0,488.0,488.0,True,True,488,,,,,,,,False,,0.0,2,2,3
6.0,3.0,"[2, 16, 17, 10, 18, 14, 2]",934.0,488.0,488.0,True,True,488,,,,,,,,False,,0.0,2,2,3
6.0,3.0,"[2, 7, 16, 18, 12, 14, 2]",826.0,488.0,488.0,True,True,488,,,,,,,,False,,0.0,2,2,3
6.0,3.0,"[2, 14, 18, 14, 19, 6, 2]",924.0,488.0,488.0,True,True,488,,,,,,,,False,,0.0,2,2,3
6.0,3.0,"[2, 12, 17, 5, 20, 20, 2]",853.0,488.0,488.0,True,True,488,,,,,,,,False,,0.0,2,2,3
6.0,3.0,"[2, 9, 7, 12, 15, 16, 2]",617.0,488.0,488.0,True,True,488,,,,,,,,False,,0.0,2,2,3
6.0,3.0,"[2, 5, 20, 7, 18, 19, 2]",756.0,488.0,488.0,True,True,488,,,,,,,,False,,0.0,2,2,3
6.0,3.0,"[2, 7, 11, 16, 14, 18, 2]",779.0,488.0,488.0,True,True,488,,,,,,,,False,,0.0,2,2,3
6.0,3.0,"[2, 20, 7, 17, 13, 13, 2]",715.0,488.0,488.0,True,True,488,,,,,,,,False,,0.0,2,2,3
6.0,3.0,"[2, 9, 10, 7, 18, 17, 2]",644.0,488.0,488.0,True,True,488,,,,,,,,False,,0.0,2,2,3
6.0,3.0,"[2, 8, 6, 13, 18, 10, 2]",576.0,488.0,488.0,True,True,488,,,,,,,,False,,0.0,2,2,3
6.0,3.0,"[2, 20, 13, 13, 13, 16, 2]",878.0,488.0,488.0,True,True,488,,,,,,,,False,,0.0,2,2,3
6.0,3.0,"[2, 18, 11, 19, 16, 6, 2]",855.0,488.0,488.0,True,True,488,,,,,,,,False,,0.0,2,2,3
6.0,3.0,"[2, 8, 5, 16, 18, 9, 2]",604.0,488.0,488.0,True,True,488,,,,,,,,False,,0.0,2,2,3
6.0,3.0,"[2, 11, 6, 16, 15, 15, 2]",679.0,488.0,488.0,True,True,488,,,,,,,,False,,0.0,2,2,3
6.0,3.0,"[2, 6, 16, 11, 19, 13, 2]",766.0,488.0,488.0,True,True,488,,,,,,,,False,,0.0,2,2,3
6.0,3.0,"[2, 12, 10, 20, 14, 8, 2]",752.0,488.0,488.0,True,True,488,,,,,,,,False,,0.0,2,2,3
6.0,3.0,"[2, 9, 11, 17, 12, 13, 2]",690.0,488.0,488.0,True,True,488,,,,,,,,False,,0.0,2,2,3
6.0,3.0,"[2, 14, 6, 12, 20, 14, 2]",732.0,488.0,488.0,True,True,488,,,,,,,,False,,0.0,2,2,3
6.0,3.0,"[2, 5, 13, 12, 17, 14, 2]",701.0,488.0,488.0,True,True,488,,,,,,,,False,,0.0,2,2,3
6.0,3.0,"[2, 14, 5, 18, 13, 16, 2]",662.0,488.0,488.0,True,True,488,,,,,,,,False,,0.0,2,2,3
6.0,3.0,"[2, 16, 15, 14, 17, 8, 2]",872.0,488.0,488.0,True,True,488,,,,,,,,False,,0.0,2,2,3
6.0,3.0,"[2, 17, 7, 8, 19, 15, 2]",676.0,488.0,488.0,True,True,488,,,,,,,,False,,0.0,2,2,3
6.0,3.0,"[2, 8, 15, 10, 19, 13, 2]",749.0,488.0,488.0,True,True,488,,,,,,,,False,,0.0,2,2,3
6.0,3.0,"[2, 6, 19, 12, 16, 13, 2]",780.0,488.0,488.0,True,True,488,,,,,,,,False,,0.0,2,2,3
6.0,3.0,"[2, 12, 13, 13, 12, 20, 2]",785.0,488.0,488.0,True,True,488,,,,,,,,False,,0.0,2,2,3
6.0,3.0,"[2, 10, 7, 18, 12, 15, 2]",642.0,488.0,488.0,True,True,488,,,,,,,,False,,0.0,2,2,3
6.0,3.0,"[2, 8, 9, 8, 17, 19, 2]",657.0,488.0,488.0,True,True,488,,,,,,,,False,,0.0,2,2,3
6.0,3.0,"[2, 6, 17, 8, 19, 17, 2]",759.0,488.0,488.0,True,True,488,,,,,,,,False,,0.0,2,2,3
6.0,3.0,"[2, 7, 6, 17, 19, 10, 2]",691.0,488.0,488.0,True,True,488,,,,,,,,False,,0.0,2,2,3
6.0,3.0,"[2, 15, 15, 14, 12, 16, 2]",857.0,488.0,488.0,True,True,488,,,,,,,,False,,0.0,2,2,3
6.0,3.0,"[2, 7, 5, 18, 13, 19, 2]",658.0,488.0,488.0,True,True,488,,,,,,,,False,,0.0,2,2,3
6.0,3.0,"[2, 15, 12, 14, 14, 12, 2]",766.0,488.0,488.0,True,True,488,,,,,,,,False,,0.0,2,2,3
6.0,3.0,"[2, 8, 7, 17, 19, 8, 2]",682.0,488.0,488.0,True,True,488,,,,,,,,False,,0.0,2,2,3
6.0,3.0,"[2, 12, 5, 13, 19, 12, 2]",648.0,488.0,488.0,True,True,488,,,,,,,,False,,0.0,2,2,3
6.0,3.0,"[2, 16, 6, 17, 12, 19, 2]",700.0,488.0,488.0,True,True,488,,,,,,,,False,,0.0,2,2,3
6.0,3.0,"[2, 12, 11, 8, 20, 16, 2]",756.0,488.0,488.0,True,True,488,,,,,,,,False,,0.0,2,2,3
6.0,3.0,"[2, 8, 19, 15, 13, 15, 2]",873.0,488.0,488.0,True,True,488,,,,,,,,False,,0.0,2,2,3
6.0,3.0,"[2, 13, 10, 9, 15, 18, 2]",687.0,488.0,488.0,True,True,488,,,,,,,,False,,0.0,2,2,3
6.0,3.0,"[2, 5, 13, 7, 19, 20, 2]",719.0,488.0,488.0,True,True,488,,,,,,,,False,,0.0,2,2,3
6.0,3.0,"[2, 7, 12, 6, 19, 17, 2]",641.0,488.0,488.0,True,True,488,,,,,,,,False,,0.0,2,2,3
6.0,3.0,"[2, 8, 13, 9, 14, 20, 2]",683.0,488.0,488.0,True,True,488,,,,,,,,False,,0.0,2,2,3
6.0,3.0,"[2, 16, 9, 17, 14, 12, 2]",759.0,488.0,488.0,True,True,488,,,,,,,,False,,0.0,2,2,3
6.0,3.0,"[2, 12, 15, 10, 19, 12, 2]",796.0,488.0,488.0,True,True,488,,,,,,,,False,,0.0,2,2,3
6.0,3.0,"[2, 9, 11, 8, 16, 19, 2]",675.0,488.0,488.0,True,True,488,,,,,,,,False,,0.0,2,2,3
6.0,3.0,"[2, 11, 5, 13, 19, 15, 2]",704.0,488.0,488.0,True,True,488,,,,,,,,False,,0.0,2,2,3
6.0,3.0,"[2, 13, 12, 12, 15, 14, 2]",744.0,488.0,488.0,True,True,488,,,,,,,,False,,0.0,2,2,3
6.0,3.0,"[2, 10, 6, 10, 16, 18, 2]",624.0,488.0,488.0,True,True,488,,,,,,,,False,,0.0,2,2,3
6.0,3.0,"[2, 17, 5, 15, 19, 8, 2]",647.0,488.0,488.0,True,True,488,,,,,,,,False,,0.0,2,2,3
6.0,3.0,"[2, 10, 20, 11, 17, 15, 2]",912.0,488.0,488.0,True,True,488,,,,,,,,False,,0.0,2,2,3
6.0,3.0,"[2, 8, 5, 13, 14, 17, 2]",575.0,488.0,488.0,True,True,488,,,,,,,,False,,0.0,2,2,3
6.0,3.0,"[2, 5, 8, 7, 20, 19, 2]",664.0,488.0,488.0,True,True,488,,,,,,,,False,,0.0,2,2,3
6.0,3.0,"[2, 8, 15, 19, 11, 16, 2]",838.0,488.0,488.0,True,True,488,,,,,,,,False,,0.0,2,2,3
6.0,3.0,"[2, 16, 14, 11, 17, 13, 2]",844.0,488.0,488.0,True,True,488,,,,,,,,False,,0.0,2,2,3
6.0,3.0,"[2, 8, 19, 9, 16, 19, 2]",825.0,488.0,488.0,True,True,488,,,,,,,,False,,0.0,2,2,3
6.0,3.0,"[2, 7, 19, 11, 13, 19, 2]",784.0,488.0,488.0,True,True,488,,,,,,,,False,,0.0,2,2,3
6.0,3.0,"[2, 6, 5, 18, 15, 18, 2]",708.0,488.0,488.0,True,True,488,,,,,,,,False,,0.0,2,2,3
6.0,3.0,"[2, 15, 5, 12, 15, 18, 2]",651.0,488.0,488.0,True,True,488,,,,,,,,False,,0.0,2,2,3
6.0,3.0,"[2, 9, 13, 17, 10, 20, 2]",766.0,488.0,488.0,True,True,488,,,,,,,,False,,0.0,2,2,3
6.0,3.0,"[2, 12, 13, 8, 17, 17, 2]",743.0,488.0,488.0,True,True,488,,,,,,,,False,,0.0,2,2,3
6.0,3.0,"[2, 15, 6, 14, 17, 15, 2]",727.0,488.0,488.0,True,True,488,,,,,,,,False,,0.0,2,2,3
6.0,3.0,"[2, 14, 13, 16, 14, 10, 2]",802.0,488.0,488.0,True,True,488,,,,,,,,False,,0.0,2,2,3
6.0,3.0,"[2, 6, 17, 10, 15, 17, 2]",723.0,488.0,488.0,True,True,488,,,,,,,,False,,0.0,2,2,3
6.0,3.0,"[2, 12, 6, 19, 13, 14, 2]",667.0,488.0,488.0,True,True,488,,,,,,,,False,,0.0,2,2,3
6.0,3.0,"[2, 17, 5, 14, 20, 8, 2]",645.0,488.0,488.0,True,True,488,,,,,,,,False,,0.0,2,2,3
6.0,3.0,"[2, 17, 8, 16, 13, 12, 2]",686.0,488.0,488.0,True,True,488,,,,,,,,False,,0.0,2,2,3
6.0,3.0,"[2, 7, 11, 9, 15, 20, 2]",665.0,488.0,488.0,True,True,488,,,,,,,,False,,0.0,2,2,3
6.0,3.0,"[2, 17, 11, 16, 17, 6, 2]",783.0,488.0,488.0,True,True,488,,,,,,,,False,,0.0,2,2,3
6.0,3.0,"[2, 19, 5, 12, 19, 12, 2]",673.0,488.0,488.0,True,True,488,,,,,,,,False,,0.0,2,2,3
6.0,3.0,"[2, 13, 5, 20, 12, 18, 2]",683.0,488.0,488.0,True,True,488,,,,,,,,False,,0.0,2,2,3
6.0,3.0,"[2, 9, 8, 18, 14, 11, 2]",662.0,488.0,488.0,True,True,488,,,,,,,,False,,0.0,2,2,3
6.0,3.0,"[2, 11, 8, 14, 15, 12, 2]",636.0,488.0,488.0,True,True,488,,,,,,,,False,,0.0,2,2,3
6.0,3.0,"[2, 19, 10, 14, 17, 11, 2]",815.0,488.0,488.0,True,True,488,,,,,,,,False,,0.0,2,2,3
6.0,3.0,"[2, 14, 19, 15, 10, 20, 2]",969.0,488.0,488.0,True,True,488,,,,,,,,False,,0.0,2,2,3
6.0,3.0,"[2, 11, 13, 14, 11, 20, 2]",761.0,488.0,488.0,True,True,488,,,,,,,,False,,0.0,2,2,3
6.0,3.0,"[2, 11, 15, 12, 13, 19, 2]",808.0,488.0,488.0,True,True,488,,,,,,,,False,,0.0,2,2,3
6.0,3.0,"[2, 8, 10, 6, 20, 19, 2]",694.0,488.0,488.0,True,True,488,,,,,,,,False,,0.0,2,2,3
6.0,3.0,"[2, 19, 13, 15, 14, 11, 2]",866.0,488.0,488.0,True,True,488,,,,,,,,False,,0.0,2,2,3
6.0,3.0,"[2, 18, 7, 16, 14, 12, 2]",690.0,488.0,488.0,True,True,488,,,,,,,,False,,0.0,2,2,3
6.0,3.0,"[2, 6, 10, 17, 12, 17, 2]",684.0,488.0,488.0,True,True,488,,,,,,,,False,,0.0,2,2,3
6.0,3.0,"[2, 6, 11, 16, 11, 19, 2]",677.0,488.0,488.0,True,True,488,,,,,,,,False,,0.0,2,2,3
6.0,3.0,"[2, 12, 16, 11, 17, 15, 2]",864.0,488.0,488.0,True,True,488,,,,,,,,False,,0.0,2,2,3
6.0,3.0,"[2, 8, 20, 13, 20, 8, 2]",872.0,488.0,488.0,True,True,488,,,,,,,,False,,0.0,2,2,3
6.0,3.0,"[2, 20, 7, 12, 17, 15, 2]",753.0,488.0,488.0,True,True,488,,,,,,,,False,,0.0,2,2,3
6.0,3.0,"[2, 15, 10, 11, 18, 12, 2]",728.0,488.0,488.0,True,True,488,,,,,,,,False,,0.0,2,2,3
6.0,3.0,"[2, 17, 10, 18, 11, 16, 2]",790.0,488.0,488.0,True,True,488,,,,,,,,False,,0.0,2,2,3
6.0,3.0,"[2, 14, 6, 20, 12, 16, 2]",696.0,488.0,488.0,True,True,488,,,,,,,,False,,0.0,2,2,3
6.0,3.0,"[2, 11, 10, 19, 11, 16, 2]",739.0,488.0,488.0,True,True,488,,,,,,,,False,,0.0,2,2,3
6.0,3.0,"[2, 16, 5, 17, 14, 15, 2]",675.0,488.0,488.0,True,True,488,,,,,,,,False,,0.0,2,2,3
6.0,3.0,"[2, 15, 14, 12, 14, 19, 2]",880.0,488.0,488.0,True,True,488,,,,,,,,False,,0.0,2,2,3
6.0,3.0,"[2, 18, 9, 12, 14, 17, 2]",746.0,488.0,488.0,True,True,488,,,,,,,,False,,0.0,2,2,3
6.0,3.0,"[2, 9, 15, 12, 19, 11, 2]",792.0,488.0,488.0,True,True,488,,,,,,,,False,,0.0,2,2,3
6.0,3.0,"[2, 18, 5, 20, 14, 9, 2]",650.0,488.0,488.0,True,True,488,,,,,,,,False,,0.0,2,2,3
6.0,3.0,"[2, 19, 7, 12, 14, 17, 2]",695.0,488.0,488.0,True,True,488,,,,,,,,False,,0.0,2,2,3
6.0,3.0,"[2, 13, 5, 15, 15, 13, 2]",612.0,488.0,488.0,True,True,488,,,,,,,,False,,0.0,2,2,3
6.0,3.0,"[2, 16, 6, 11, 18, 15, 2]",692.0,488.0,488.0,True,True,488,,,,,,,,False,,0.0,2,2,3
6.0,3.0,"[2, 15, 9, 16, 11, 18, 2]",719.0,488.0,488.0,True,True,488,,,,,,,,False,,0.0,2,2,3
6.0,3.0,"[2, 15, 8, 10, 20, 12, 2]",694.0,488.0,488.0,True,True,488,,,,,,,,False,,0.0,2,2,3
6.0,3.0,"[2, 17, 12, 16, 14, 10, 2]",814.0,488.0,488.0,True,True,488,,,,,,,,False,,0.0,2,2,3
6.0,3.0,"[2, 11, 7, 14, 17, 15, 2]",720.0,488.0,488.0,True,True,488,,,,,,,,False,,0.0,2,2,3
6.0,3.0,"[2, 17, 5, 20, 11, 20, 2]",699.0,488.0,488.0,True,True,488,,,,,,,,False,,0.0,2,2,3
6.0,3.0,"[2, 6, 19, 16, 19, 7, 2]",881.0,488.0,488.0,True,True,488,,,,,,,,False,,0.0,2,2,3
6.0,3.0,"[2, 12, 13, 16, 13, 14, 2]",806.0,488.0,488.0,True,True,488,,,,,,,,False,,0.0,2,2,3
6.0,3.0,"[2, 7, 5, 19, 15, 9, 2]",582.0,488.0,488.0,True,True,488,,,,,,,,False,,0.0,2,2,3
6.0,3.0,"[2, 10, 5, 9, 20, 18, 2]",691.0,488.0,488.0,True,True,488,,,,,,,,False,,0.0,2,2,3
6.0,3.0,"[2, 13, 16, 12, 17, 13, 2]",877.0,488.0,488.0,True,True,488,,,,,,,,False,,0.0,2,2,3
6.0,3.0,"[2, 13, 9, 11, 15, 18, 2]",713.0,488.0,488.0,True,True,488,,,,,,,,False,,0.0,2,2,3
6.0,3.0,"[2, 20, 5, 9, 20, 15, 2]",695.0,488.0,488.0,True,True,488,,,,,,,,False,,0.0,2,2,3
6.0,3.0,"[2, 6, 18, 17, 12, 16, 2]",854.0,488.0,488.0,True,True,488,,,,,,,,False,,0.0,2,2,3
7.0,2.0,"[3, 12, 10, 26, 38, 23, 9, 1]",2494.0,2145.0,2145.0,True,True,2145,,,,,,,,False,,0.0,3,1,2
7.0,2.0,"[3, 5, 20, 28, 27, 30, 10, 1]",2551.0,2145.0,2145.0,True,True,2145,,,,,,,,False,,0.0,3,1,2
7.0,2.0,"[3, 5, 20, 28, 27, 29, 12, 1]",2574.0,2145.0,2145.0,True,True,2145,,,,,,,,False,,0.0,3,1,2
7.0,2.0,"[3, 5, 20, 30, 26, 30, 10, 1]",2585.0,2145.0,2145.0,True,True,2145,,,,,,,,False,,0.0,3,1,2
7.0,2.0,"[3, 5, 14, 29, 28, 30, 6, 1]",2329.0,2145.0,2145.0,True,True,2145,,,,,,,,False,,0.0,3,1,2
7.0,2.0,"[3, 5, 12, 30, 28, 30, 6, 1]",2301.0,2145.0,2145.0,True,True,2145,,,,,,,,False,,0.0,3,1,2
7.0,2.0,"[3, 5, 13, 29, 28, 30, 7, 1]",2326.0,2145.0,2145.0,True,True,2145,,,,,,,,False,,0.0,3,1,2
7.0,2.0,"[3, 5, 14, 30, 28, 29, 6, 1]",2337.0,2145.0,2145.0,True,True,2145,,,,,,,,False,,0.0,3,1,2
7.0,2.0,"[3, 5, 14, 30, 27, 29, 8, 1]",2338.0,2145.0,2145.0,True,True,2145,,,,,,,,False,,0.0,3,1,2
7.0,2.0,"[3, 5, 12, 30, 28, 29, 8, 1]",2327.0,2145.0,2145.0,True,True,2145,,,,,,,,False,,0.0,3,1,2
7.0,2.0,"[3, 5, 13, 30, 28, 30, 5, 1]",2305.0,2145.0,2145.0,True,True,2145,,,,,,,,False,,0.0,3,1,2
7.0,2.0,"[3, 5, 15, 30, 28, 30, 4, 1]",2344.0,2145.0,2145.0,True,True,2145,,,,,,,,False,,0.0,3,1,2
7.0,2.0,"[3, 5, 15, 29, 28, 29, 7, 1]",2359.0,2145.0,2145.0,True,True,2145,,,,,,,,False,,0.0,3,1,2
7.0,2.0,"[3, 5, 13, 30, 28, 29, 7, 1]",2332.0,2145.0,2145.0,True,True,2145,,,,,,,,False,,0.0,3,1,2
7.0,2.0,"[3, 5, 15, 29, 27, 30, 8, 1]",2366.0,2145.0,2145.0,True,True,2145,,,,,,,,False,,0.0,3,1,2
7.0,2.0,"[3, 5, 13, 30, 27, 30, 8, 1]",2338.0,2145.0,2145.0,True,True,2145,,,,,,,,False,,0.0,3,1,2
7.0,2.0,"[3, 5, 15, 30, 28, 29, 5, 1]",2342.0,2145.0,2145.0,True,True,2145,,,,,,,,False,,0.0,3,1,2
7.0,2.0,"[3, 5, 13, 29, 28, 29, 8, 1]",2321.0,2145.0,2145.0,True,True,2145,,,,,,,,False,,0.0,3,1,2
7.0,2.0,"[3, 5, 12, 29, 28, 30, 8, 1]",2323.0,2145.0,2145.0,True,True,2145,,,,,,,,False,,0.0,3,1,2
7.0,2.0,"[3, 5, 10, 30, 28, 30, 8, 1]",2293.0,2145.0,2145.0,True,True,2145,,,,,,,,False,,0.0,3,1,2
7.0,2.0,"[3, 5, 14, 30, 27, 30, 7, 1]",2342.0,2145.0,2145.0,True,True,2145,,,,,,,,False,,0.0,3,1,2
7.0,2.0,"[3, 5, 11, 30, 28, 30, 7, 1]",2297.0,2145.0,2145.0,True,True,2145,,,,,,,,False,,0.0,3,1,2
7.0,2.0,"[3, 5, 13, 29, 26, 30, 12, 1]",2363.0,2145.0,2145.0,True,True,2145,,,,,,,,False,,0.0,3,1,2
7.0,2.0,"[3, 5, 15, 29, 26, 30, 11, 1]",2400.0,2145.0,2145.0,True,True,2145,,,,,,,,False,,0.0,3,1,2
7.0,2.0,"[3, 10, 21, 19, 38, 28, 7, 1]",2628.0,2145.0,2145.0,True,True,2145,,,,,,,,False,,0.0,3,1,2
7.0,2.0,"[3, 9, 21, 18, 39, 28, 7, 1]",2591.0,2145.0,2145.0,True,True,2145,,,,,,,,False,,0.0,3,1,2
7.0,2.0,"[3, 7, 21, 19, 37, 29, 7, 1]",2553.0,2145.0,2145.0,True,True,2145,,,,,,,,False,,0.0,3,1,2
7.0,2.0,"[3, 8, 18, 17, 38, 30, 7, 1]",2477.0,2145.0,2145.0,True,True,2145,,,,,,,,False,,0.0,3,1,2
7.0,2.0,"[3, 8, 21, 18, 39, 30, 4, 1]",2566.0,2145.0,2145.0,True,True,2145,,,,,,,,False,,0.0,3,1,2
7.0,2.0,"[3, 8, 20, 18, 39, 29, 5, 1]",2527.0,2145.0,2145.0,True,True,2145,,,,,,,,False,,0.0,3,1,2
7.0,2.0,"[3, 5, 21, 19, 37, 30, 6, 1]",2518.0,2145.0,2145.0,True,True,2145,,,,,,,,False,,0.0,3,1,2
7.0,2.0,"[3, 7, 23, 21, 38, 25, 9, 1]",2647.0,2145.0,2145.0,True,True,2145,,,,,,,,False,,0.0,3,1,2
7.0,2.0,"[3, 10, 8, 23, 38, 25, 9, 1]",2352.0,2145.0,2145.0,True,True,2145,,,,,,,,False,,0.0,3,1,2
7.0,2.0,"[3, 10, 9, 23, 38, 25, 8, 1]",2359.0,2145.0,2145.0,True,True,2145,,,,,,,,False,,0.0,3,1,2
7.0,2.0,"[3, 5, 13, 30, 26, 29, 12, 1]",2364.0,2145.0,2145.0,True,True,2145,,,,,,,,False,,0.0,3,1,2
5.0,3.0,"[3, 7, 43, 35, 48, 1]",3555.0,3403.0,3403.0,True,True,3403,,,,,,,,False,,0.0,3,1,3
5.0,3.0,"[3, 7, 45, 37, 42, 1]",3597.0,3403.0,3403.0,True,True,3403,,,,,,,,False,,0.0,3,1,3
5.0,3.0,"[3, 6, 47, 35, 45, 1]",3565.0,3403.0,3403.0,True,True,3403,,,,,,,,False,,0.0,3,1,3
5.0,3.0,"[3, 6, 46, 35, 47, 1]",3596.0,3403.0,3403.0,True,True,3403,,,,,,,,False,,0.0,3,1,3
5.0,3.0,"[3, 15, 42, 36, 44, 1]",3815.0,3403.0,3403.0,True,True,3403,,,,,,,,False,,0.0,3,1,3
5.0,3.0,"[3, 8, 43, 33, 52, 1]",3555.0,3403.0,3403.0,True,True,3403,,,,,,,,False,,0.0,3,1,3
5.0,3.0,"[3, 6, 43, 37, 44, 1]",3539.0,3403.0,3403.0,True,True,3403,,,,,,,,False,,0.0,3,1,3
5.0,3.0,"[3, 12, 8, 55, 54, 1]",3596.0,3403.0,3403.0,True,True,3403,,,,,,,,False,,0.0,3,1,3
5.0,3.0,"[3, 16, 39, 37, 45, 1]",3825.0,3403.0,3403.0,True,True,3403,,,,,,,,False,,0.0,3,1,3
5.0,3.0,"[3, 8, 40, 36, 48, 1]",3560.0,3403.0,3403.0,True,True,3403,,,,,,,,False,,0.0,3,1,3
5.0,3.0,"[3, 7, 38, 36, 51, 1]",3542.0,3403.0,3403.0,True,True,3403,,,,,,,,False,,0.0,3,1,3
5.0,3.0,"[3, 6, 45, 36, 44, 1]",3536.0,3403.0,3403.0,True,True,3403,,,,,,,,False,,0.0,3,1,3
5.0,3.0,"[3, 9, 43, 34, 50, 1]",3626.0,3403.0,3403.0,True,True,3403,,,,,,,,False,,0.0,3,1,3
5.0,3.0,"[3, 9, 45, 36, 42, 1]",3606.0,3403.0,3403.0,True,True,3403,,,,,,,,False,,0.0,3,1,3
5.0,3.0,"[3, 7, 44, 35, 47, 1]",3561.0,3403.0,3403.0,True,True,3403,,,,,,,,False,,0.0,3,1,3
5.0,3.0,"[3, 13, 40, 37, 44, 1]",3711.0,3403.0,3403.0,True,True,3403,,,,,,,,False,,0.0,3,1,3
5.0,3.0,"[3, 9, 41, 38, 42, 1]",3592.0,3403.0,3403.0,True,True,3403,,,,,,,,False,,0.0,3,1,3
5.0,3.0,"[3, 9, 38, 36, 49, 1]",3550.0,3403.0,3403.0,True,True,3403,,,,,,,,False,,0.0,3,1,3
5.0,3.0,"[3, 7, 39, 35, 53, 1]",3567.0,3403.0,3403.0,True,True,3403,,,,,,,,False,,0.0,3,1,3
5.0,3.0,"[3, 8, 46, 32, 53, 1]",3613.0,3403.0,3403.0,True,True,3403,,,,,,,,False,,0.0,3,1,3
5.0,3.0,"[3, 10, 44, 33, 50, 1]",3622.0,3403.0,3403.0,True,True,3403,,,,,,,,False,,0.0,3,1,3
5.0,3.0,"[3, 6, 40, 38, 45, 1]",3533.0,3403.0,3403.0,True,True,3403,,,,,,,,False,,0.0,3,1,3
5.0,3.0,"[3, 12, 41, 36, 45, 1]",3669.0,3403.0,3403.0,True,True,3403,,,,,,,,False,,0.0,3,1,3
5.0,3.0,"[3, 8, 45, 35, 45, 1]",3579.0,3403.0,3403.0,True,True,3403,,,,,,,,False,,0.0,3,1,3
5.0,3.0,"[3, 10, 38, 35, 51, 1]",3576.0,3403.0,3403.0,True,True,3403,,,,,,,,False,,0.0,3,1,3
5.0,3.0,"[3, 11, 38, 37, 46, 1]",3605.0,3403.0,3403.0,True,True,3403,,,,,,,,False,,0.0,3,1,3
5.0,3.0,"[3, 8, 46, 36, 41, 1]",3565.0,3403.0,3403.0,True,True,3403,,,,,,,,False,,0.0,3,1,3
5.0,3.0,"[3, 15, 43, 33, 50, 1]",3809.0,3403.0,3403.0,True,True,3403,,,,,,,,False,,0.0,3,1,3
5.0,3.0,"[3, 6, 41, 37, 47, 1]",3567.0,3403.0,3403.0,True,True,3403,,,,,,,,False,,0.0,3,1,3
5.0,3.0,"[3, 6, 46, 38, 40, 1]",3602.0,3403.0,3403.0,True,True,3403,,,,,,,,False,,0.0,3,1,3
5.0,3.0,"[3, 10, 43, 37, 40, 1]",3571.0,3403.0,3403.0,True,True,3403,,,,,,,,False,,0.0,3,1,3
5.0,3.0,"[3, 10, 44, 37, 39, 1]",3580.0,3403.0,3403.0,True,True,3403,,,,,,,,False,,0.0,3,1,3
5.0,3.0,"[3, 7, 47, 33, 50, 1]",3601.0,3403.0,3403.0,True,True,3403,,,,,,,,False,,0.0,3,1,3
5.0,3.0,"[3, 6, 39, 35, 54, 1]",3561.0,3403.0,3403.0,True,True,3403,,,,,,,,False,,0.0,3,1,3
5.0,3.0,"[3, 9, 38, 37, 47, 1]",3561.0,3403.0,3403.0,True,True,3403,,,,,,,,False,,0.0,3,1,3
5.0,3.0,"[3, 8, 43, 32, 55, 1]",3559.0,3403.0,3403.0,True,True,3403,,,,,,,,False,,0.0,3,1,3
5.0,3.0,"[3, 7, 42, 37, 44, 1]",3541.0,3403.0,3403.0,True,True,3403,,,,,,,,False,,0.0,3,1,3
5.0,3.0,"[3, 8, 40, 39, 41, 1]",3544.0,3403.0,3403.0,True,True,3403,,,,,,,,False,,0.0,3,1,3
5.0,3.0,"[3, 11, 40, 36, 46, 1]",3615.0,3403.0,3403.0,True,True,3403,,,,,,,,False,,0.0,3,1,3
5.0,3.0,"[3, 7, 46, 35, 44, 1]",3537.0,3403.0,3403.0,True,True,3403,,,,,,,,False,,0.0,3,1,3
5.0,3.0,"[3, 6, 42, 39, 41, 1]",3548.0,3403.0,3403.0,True,True,3403,,,,,,,,False,,0.0,3,1,3
5.0,3.0,"[3, 13, 37, 35, 52, 1]",3687.0,3403.0,3403.0,True,True,3403,,,,,,,,False,,0.0,3,1,3
5.0,3.0,"[3, 6, 42, 36, 49, 1]",3595.0,3403.0,3403.0,True,True,3403,,,,,,,,False,,0.0,3,1,3
5.0,3.0,"[3, 9, 42, 32, 55, 1]",3564.0,3403.0,3403.0,True,True,3403,,,,,,,,False,,0.0,3,1,3
5.0,3.0,"[3, 13, 42, 34, 48, 1]",3693.0,3403.0,3403.0,True,True,3403,,,,,,,,False,,0.0,3,1,3
5.0,3.0,"[3, 6, 48, 37, 40, 1]",3602.0,3403.0,3403.0,True,True,3403,,,,,,,,False,,0.0,3,1,3
5.0,3.0,"[3, 9, 36, 35, 54, 1]",3555.0,3403.0,3403.0,True,True,3403,,,,,,,,False,,0.0,3,1,3
5.0,3.0,"[3, 7, 44, 36, 44, 1]",3541.0,3403.0,3403.0,True,True,3403,,,,,,,,False,,0.0,3,1,3
5.0,3.0,"[3, 6, 44, 38, 41, 1]",3553.0,3403.0,3403.0,True,True,3403,,,,,,,,False,,0.0,3,1,3
5.0,3.0,"[3, 8, 44, 34, 49, 1]",3587.0,3403.0,3403.0,True,True,3403,,,,,,,,False,,0.0,3,1,3
5.0,3.0,"[3, 7, 37, 36, 52, 1]",3536.0,3403.0,3403.0,True,True,3403,,,,,,,,False,,0.0,3,1,3
5.0,3.0,"[3, 6, 53, 36, 41, 1]",3761.0,3403.0,3403.0,True,True,3403,,,,,,,,False,,0.0,3,1,3
5.0,3.0,"[3, 11, 41, 34, 50, 1]",3628.0,3403.0,3403.0,True,True,3403,,,,,,,,False,,0.0,3,1,3
5.0,3.0,"[3, 6, 40, 35, 53, 1]",3566.0,3403.0,3403.0,True,True,3403,,,,,,,,False,,0.0,3,1,3
5.0,3.0,"[3, 7, 47, 37, 39, 1]",3571.0,3403.0,3403.0,True,True,3403,,,,,,,,False,,0.0,3,1,3
5.0,3.0,"[3, 10, 41, 35, 48, 1]",3603.0,3403.0,3403.0,True,True,3403,,,,,,,,False,,0.0,3,1,3
5.0,3.0,"[3, 8, 42, 36, 45, 1]",3537.0,3403.0,3403.0,True,True,3403,,,,,,,,False,,0.0,3,1,3
5.0,3.0,"[3, 6, 47, 37, 41, 1]",3597.0,3403.0,3403.0,True,True,3403,,,,,,,,False,,0.0,3,1,3
5.0,3.0,"[3, 9, 45, 33, 50, 1]",3617.0,3403.0,3403.0,True,True,3403,,,,,,,,False,,0.0,3,1,3
5.0,3.0,"[3, 10, 40, 39, 40, 1]",3590.0,3403.0,3403.0,True,True,3403,,,,,,,,False,,0.0,3,1,3
5.0,3.0,"[3, 6, 42, 35, 50, 1]",3540.0,3403.0,3403.0,True,True,3403,,,,,,,,False,,0.0,3,1,3
5.0,3.0,"[3, 6, 39, 38, 47, 1]",3567.0,3403.0,3403.0,True,True,3403,,,,,,,,False,,0.0,3,1,3
5.0,3.0,"[3, 7, 44, 33, 52, 1]",3549.0,3403.0,3403.0,True,True,3403,,,,,,,,False,,0.0,3,1,3
5.0,3.0,"[3, 10, 43, 33, 51, 1]",3613.0,3403.0,3403.0,True,True,3403,,,,,,,,False,,0.0,3,1,3
5.0,3.0,"[3, 7, 39, 34, 55, 1]",3545.0,3403.0,3403.0,True,True,3403,,,,,,,,False,,0.0,3,1,3
5.0,3.0,"[3, 9, 38, 35, 53, 1]",3607.0,3403.0,3403.0,True,True,3403,,,,,,,,False,,0.0,3,1,3
5.0,3.0,"[3, 11, 39, 38, 43, 1]",3621.0,3403.0,3403.0,True,True,3403,,,,,,,,False,,0.0,3,1,3
5.0,3.0,"[3, 8, 42, 38, 42, 1]",3594.0,3403.0,3403.0,True,True,3403,,,,,,,,False,,0.0,3,1,3
5.0,3.0,"[3, 10, 42, 34, 50, 1]",3628.0,3403.0,3403.0,True,True,3403,,,,,,,,False,,0.0,3,1,3
5.0,3.0,"[3, 6, 44, 36, 46, 1]",3568.0,3403.0,3403.0,True,True,3403,,,,,,,,False,,0.0,3,1,3
5.0,3.0,"[3, 12, 8, 54, 55, 1]",3589.0,3403.0,3403.0,True,True,3403,,,,,,,,False,,0.0,3,1,3
5.0,3.0,"[3, 12, 42, 35, 46, 1]",3666.0,3403.0,3403.0,True,True,3403,,,,,,,,False,,0.0,3,1,3
5.0,3.0,"[3, 9, 44, 32, 53, 1]",3580.0,3403.0,3403.0,True,True,3403,,,,,,,,False,,0.0,3,1,3
5.0,3.0,"[3, 10, 41, 37, 42, 1]",3553.0,3403.0,3403.0,True,True,3403,,,,,,,,False,,0.0,3,1,3
5.0,3.0,"[3, 6, 50, 37, 38, 1]",3612.0,3403.0,3403.0,True,True,3403,,,,,,,,False,,0.0,3,1,3
5.0,3.0,"[3, 8, 42, 37, 43, 1]",3548.0,3403.0,3403.0,True,True,3403,,,,,,,,False,,0.0,3,1,3
5.0,3.0,"[3, 6, 50, 35, 44, 1]",3652.0,3403.0,3403.0,True,True,3403,,,,,,,,False,,0.0,3,1,3
5.0,3.0,"[3, 8, 36, 35, 55, 1]",3552.0,3403.0,3403.0,True,True,3403,,,,,,,,False,,0.0,3,1,3
5.0,3.0,"[3, 7, 46, 37, 40, 1]",3565.0,3403.0,3403.0,True,True,3403,,,,,,,,False,,0.0,3,1,3
5.0,3.0,"[3, 8, 44, 35, 46, 1]",3572.0,3403.0,3403.0,True,True,3403,,,,,,,,False,,0.0,3,1,3
5.0,3.0,"[3, 9, 7, 55, 55, 1]",3555.0,3403.0,3403.0,True,True,3403,,,,,,,,False,,0.0,3,1,3
5.0,3.0,"[3, 13, 44, 35, 44, 1]",3735.0,3403.0,3403.0,True,True,3403,,,,,,,,False,,0.0,3,1,3
5.0,3.0,"[3, 9, 40, 34, 53, 1]",3602.0,3403.0,3403.0,True,True,3403,,,,,,,,False,,0.0,3,1,3
5.0,3.0,"[3, 14, 42, 37, 41, 1]",3742.0,3403.0,3403.0,True,True,3403,,,,,,,,False,,0.0,3,1,3
5.0,3.0,"[3, 10, 43, 32, 54, 1]",3618.0,3403.0,3403.0,True,True,3403,,,,,,,,False,,0.0,3,1,3
5.0,3.0,"[3, 23, 43, 32, 53, 1]",4183.0,3403.0,3403.0,True,True,3403,,,,,,,,False,,0.0,3,1,3
5.0,3.0,"[3, 6, 43, 39, 40, 1]",3553.0,3403.0,3403.0,True,True,3403,,,,,,,,False,,0.0,3,1,3
5.0,3.0,"[3, 6, 46, 33, 51, 1]",3546.0,3403.0,3403.0,True,True,3403,,,,,,,,False,,0.0,3,1,3
5.0,3.0,"[3, 9, 41, 34, 51, 1]",3575.0,3403.0,3403.0,True,True,3403,,,,,,,,False,,0.0,3,1,3
5.0,3.0,"[3, 6, 50, 33, 50, 1]",3668.0,3403.0,3403.0,True,True,3403,,,,,,,,False,,0.0,3,1,3
5.0,3.0,"[3, 8, 45, 37, 40, 1]",3569.0,3403.0,3403.0,True,True,3403,,,,,,,,False,,0.0,3,1,3
5.0,3.0,"[3, 6, 38, 35, 55, 1]",3556.0,3403.0,3403.0,True,True,3403,,,,,,,,False,,0.0,3,1,3
5.0,3.0,"[3, 8, 43, 36, 44, 1]",3544.0,3403.0,3403.0,True,True,3403,,,,,,,,False,,0.0,3,1,3
5.0,3.0,"[3, 6, 47, 34, 47, 1]",3543.0,3403.0,3403.0,True,True,3403,,,,,,,,False,,0.0,3,1,3
5.0,3.0,"[3, 10, 41, 38, 40, 1]",3558.0,3403.0,3403.0,True,True,3403,,,,,,,,False,,0.0,3,1,3
5.0,3.0,"[3, 6, 46, 37, 42, 1]",3592.0,3403.0,3403.0,True,True,3403,,,,,,,,False,,0.0,3,1,3
5.0,3.0,"[3, 6, 43, 36, 47, 1]",3563.0,3403.0,3403.0,True,True,3403,,,,,,,,False,,0.0,3,1,3
5.0,3.0,"[3, 15, 36, 35, 53, 1]",3753.0,3403.0,3403.0,True,True,3403,,,,,,,,False,,0.0,3,1,3
5.0,3.0,"[3, 9, 41, 33, 54, 1]",3585.0,3403.0,3403.0,True,True,3403,,,,,,,,False,,0.0,3,1,3
5.0,3.0,"[3, 9, 43, 36, 43, 1]",3553.0,3403.0,3403.0,True,True,3403,,,,,,,,False,,0.0,3,1,3
5.0,3.0,"[3, 6, 45, 34, 51, 1]",3603.0,3403.0,3403.0,True,True,3403,,,,,,,,False,,0.0,3,1,3
5.0,3.0,"[3, 11, 40, 33, 54, 1]",3629.0,3403.0,3403.0,True,True,3403,,,,,,,,False,,0.0,3,1,3
5.0,3.0,"[3, 14, 43, 36, 42, 1]",3746.0,3403.0,3403.0,True,True,3403,,,,,,,,False,,0.0,3,1,3
5.0,3.0,"[3, 14, 41, 33, 52, 1]",3737.0,3403.0,3403.0,True,True,3403,,,,,,,,False,,0.0,3,1,3
5.0,3.0,"[3, 6, 49, 37, 39, 1]",3607.0,3403.0,3403.0,True,True,3403,,,,,,,,False,,0.0,3,1,3
5.0,3.0,"[3, 6, 42, 38, 43, 1]",3543.0,3403.0,3403.0,True,True,3403,,,,,,,,False,,0.0,3,1,3
5.0,3.0,"[3, 12, 37, 36, 50, 1]",3662.0,3403.0,3403.0,True,True,3403,,,,,,,,False,,0.0,3,1,3
5.0,3.0,"[3, 9, 43, 35, 46, 1]",3575.0,3403.0,3403.0,True,True,3403,,,,,,,,False,,0.0,3,1,3
5.0,3.0,"[3, 9, 39, 37, 46, 1]",3569.0,3403.0,3403.0,True,True,3403,,,,,,,,False,,0.0,3,1,3
5.0,3.0,"[3, 7, 38, 37, 49, 1]",3555.0,3403.0,3403.0,True,True,3403,,,,,,,,False,,0.0,3,1,3
5.0,3.0,"[3, 7, 40, 35, 52, 1]",3573.0,3403.0,3403.0,True,True,3403,,,,,,,,False,,0.0,3,1,3
5.0,3.0,"[3, 8, 41, 33, 55, 1]",3575.0,3403.0,3403.0,True,True,3403,,,,,,,,False,,0.0,3,1,3
5.0,3.0,"[3, 7, 45, 34, 48, 1]",3546.0,3403.0,3403.0,True,True,3403,,,,,,,,False,,0.0,3,1,3
5.0,3.0,"[3, 6, 38, 37, 51, 1]",3590.0,3403.0,3403.0,True,True,3403,,,,,,,,False,,0.0,3,1,3
5.0,3.0,"[3, 14, 43, 34, 47, 1]",3751.0,3403.0,3403.0,True,True,3403,,,,,,,,False,,0.0,3,1,3
5.0,3.0,"[3, 7, 50, 32, 53, 1]",3720.0,3403.0,3403.0,True,True,3403,,,,,,,,False,,0.0,3,1,3
5.0,3.0,"[3, 10, 45, 37, 38, 1]",3589.0,3403.0,3403.0,True,True,3403,,,,,,,,False,,0.0,3,1,3
5.0,3.0,"[3, 6, 39, 36, 51, 1]",3543.0,3403.0,3403.0,True,True,3403,,,,,,,,False,,0.0,3,1,3
5.0,3.0,"[3, 13, 42, 33, 51, 1]",3705.0,3403.0,3403.0,True,True,3403,,,,,,,,False,,0.0,3,1,3
5.0,3.0,"[3, 9, 44, 35, 45, 1]",3583.0,3403.0,3403.0,True,True,3403,,,,,,,,False,,0.0,3,1,3
5.0,3.0,"[3, 8, 43, 38, 41, 1]",3601.0,3403.0,3403.0,True,True,3403,,,,,,,,False,,0.0,3,1,3
5.0,3.0,"[3, 6, 37, 36, 55, 1]",3607.0,3403.0,3403.0,True,True,3403,,,,,,,,False,,0.0,3,1,3
5.0,3.0,"[3, 6, 51, 36, 42, 1]",3714.0,3403.0,3403.0,True,True,3403,,,,,,,,False,,0.0,3,1,3
5.0,3.0,"[3, 6, 39, 37, 49, 1]",3557.0,3403.0,3403.0,True,True,3403,,,,,,,,False,,0.0,3,1,3
5.0,3.0,"[3, 21, 41, 32, 55, 1]",4051.0,3403.0,3403.0,True,True,3403,,,,,,,,False,,0.0,3,1,3
5.0,3.0,"[3, 9, 44, 38, 39, 1]",3616.0,3403.0,3403.0,True,True,3403,,,,,,,,False,,0.0,3,1,3
5.0,3.0,"[3, 7, 43, 34, 51, 1]",3569.0,3403.0,3403.0,True,True,3403,,,,,,,,False,,0.0,3,1,3
5.0,3.0,"[3, 6, 41, 40, 42, 1]",3626.0,3403.0,3403.0,True,True,3403,,,,,,,,False,,0.0,3,1,3
5.0,3.0,"[3, 9, 45, 35, 44, 1]",3591.0,3403.0,3403.0,True,True,3403,,,,,,,,False,,0.0,3,1,3
5.0,3.0,"[3, 9, 38, 34, 54, 1]",3551.0,3403.0,3403.0,True,True,3403,,,,,,,,False,,0.0,3,1,3
5.0,3.0,"[3, 8, 38, 35, 54, 1]",3602.0,3403.0,3403.0,True,True,3403,,,,,,,,False,,0.0,3,1,3
5.0,3.0,"[3, 7, 41, 38, 43, 1]",3543.0,3403.0,3403.0,True,True,3403,,,,,,,,False,,0.0,3,1,3
5.0,3.0,"[3, 10, 37, 36, 51, 1]",3619.0,3403.0,3403.0,True,True,3403,,,,,,,,False,,0.0,3,1,3
5.0,3.0,"[3, 7, 47, 36, 41, 1]",3559.0,3403.0,3403.0,True,True,3403,,,,,,,,False,,0.0,3,1,3
5.0,3.0,"[3, 6, 44, 35, 49, 1]",3586.0,3403.0,3403.0,True,True,3403,,,,,,,,False,,0.0,3,1,3
5.0,3.0,"[3, 11, 39, 33, 55, 1]",3619.0,3403.0,3403.0,True,True,3403,,,,,,,,False,,0.0,3,1,3
5.0,3.0,"[3, 11, 39, 34, 52, 1]",3608.0,3403.0,3403.0,True,True,3403,,,,,,,,False,,0.0,3,1,3
5.0,3.0,"[3, 6, 52, 32, 53, 1]",3743.0,3403.0,3403.0,True,True,3403,,,,,,,,False,,0.0,3,1,3
5.0,3.0,"[3, 12, 40, 34, 51, 1]",3661.0,3403.0,3403.0,True,True,3403,,,,,,,,False,,0.0,3,1,3
5.0,3.0,"[3, 7, 45, 32, 55, 1]",3591.0,3403.0,3403.0,True,True,3403,,,,,,,,False,,0.0,3,1,3
5.0,3.0,"[3, 9, 40, 35, 49, 1]",3551.0,3403.0,3403.0,True,True,3403,,,,,,,,False,,0.0,3,1,3
5.0,3.0,"[3, 10, 43, 34, 48, 1]",3602.0,3403.0,3403.0,True,True,3403,,,,,,,,False,,0.0,3,1,3
5.0,3.0,"[3, 7, 41, 34, 53, 1]",3557.0,3403.0,3403.0,True,True,3403,,,,,,,,False,,0.0,3,1,3
5.0,3.0,"[3, 14, 40, 35, 48, 1]",3730.0,3403.0,3403.0,True,True,3403,,,,,,,,False,,0.0,3,1,3
5.0,3.0,"[3, 8, 43, 35, 47, 1]",3565.0,3403.0,3403.0,True,True,3403,,,,,,,,False,,0.0,3,1,3
5.0,3.0,"[3, 12, 39, 35, 50, 1]",3669.0,3403.0,3403.0,True,True,3403,,,,,,,,False,,0.0,3,1,3
5.0,3.0,"[3, 9, 43, 37, 42, 1]",3601.0,3403.0,3403.0,True,True,3403,,,,,,,,False,,0.0,3,1,3
5.0,3.0,"[3, 8, 38, 36, 50, 1]",3546.0,3403.0,3403.0,True,True,3403,,,,,,,,False,,0.0,3,1,3
5.0,3.0,"[3, 12, 39, 36, 48, 1]",3684.0,3403.0,3403.0,True,True,3403,,,,,,,,False,,0.0,3,1,3
5.0,3.0,"[3, 6, 42, 34, 53, 1]",3553.0,3403.0,3403.0,True,True,3403,,,,,,,,False,,0.0,3,1,3
5.0,3.0,"[3, 8, 46, 37, 38, 1]",3538.0,3403.0,3403.0,True,True,3403,,,,,,,,False,,0.0,3,1,3
5.0,3.0,"[3, 6, 43, 33, 55, 1]",3565.0,3403.0,3403.0,True,True,3403,,,,,,,,False,,0.0,3,1,3
5.0,3.0,"[3, 11, 42, 38, 39, 1]",3612.0,3403.0,3403.0,True,True,3403,,,,,,,,False,,0.0,3,1,3
5.0,3.0,"[3, 6, 46, 34, 48, 1]",3538.0,3403.0,3403.0,True,True,3403,,,,,,,,False,,0.0,3,1,3
5.0,3.0,"[3, 14, 41, 35, 47, 1]",3743.0,3403.0,3403.0,True,True,3403,,,,,,,,False,,0.0,3,1,3
5.0,3.0,"[3, 8, 45, 34, 47, 1]",3559.0,3403.0,3403.0,True,True,3403,,,,,,,,False,,0.0,3,1,3
5.0,3.0,"[3, 7, 40, 39, 43, 1]",3581.0,3403.0,3403.0,True,True,3403,,,,,,,,False,,0.0,3,1,3
5.0,3.0,"[3, 6, 44, 37, 43, 1]",3544.0,3403.0,3403.0,True,True,3403,,,,,,,,False,,0.0,3,1,3
5.0,3.0,"[3, 11, 43, 35, 45, 1]",3631.0,3403.0,3403.0,True,True,3403,,,,,,,,False,,0.0,3,1,3
5.0,3.0,"[3, 9, 42, 35, 47, 1]",3567.0,3403.0,3403.0,True,True,3403,,,,,,,,False,,0.0,3,1,3
5.0,3.0,"[3, 9, 40, 36, 47, 1]",3566.0,3403.0,3403.0,True,True,3403,,,,,,,,False,,0.0,3,1,3
5.0,3.0,"[3, 6, 43, 38, 42, 1]",3548.0,3403.0,3403.0,True,True,3403,,,,,,,,False,,0.0,3,1,3
5.0,3.0,"[3, 11, 42, 32, 54, 1]",3621.0,3403.0,3403.0,True,True,3403,,,,,,,,False,,0.0,3,1,3
5.0,3.0,"[3, 7, 39, 38, 46, 1]",3570.0,3403.0,3403.0,True,True,3403,,,,,,,,False,,0.0,3,1,3
5.0,3.0,"[3, 20, 15, 52, 49, 1]",3737.0,3403.0,3403.0,True,True,3403,,,,,,,,False,,0.0,3,1,3
5.0,3.0,"[3, 6, 46, 32, 54, 1]",3548.0,3403.0,3403.0,True,True,3403,,,,,,,,False,,0.0,3,1,3
5.0,3.0,"[3, 8, 42, 39, 40, 1]",3598.0,3403.0,3403.0,True,True,3403,,,,,,,,False,,0.0,3,1,3
5.0,3.0,"[3, 7, 41, 36, 48, 1]",3560.0,3403.0,3403.0,True,True,3403,,,,,,,,False,,0.0,3,1,3
5.0,3.0,"[3, 6, 45, 33, 52, 1]",3541.0,3403.0,3403.0,True,True,3403,,,,,,,,False,,0.0,3,1,3
5.0,3.0,"[3, 9, 44, 34, 47, 1]",3564.0,3403.0,3403.0,True,True,3403,,,,,,,,False,,0.0,3,1,3
5.0,3.0,"[3, 10, 37, 35, 53, 1]",3603.0,3403.0,3403.0,True,True,3403,,,,,,,,False,,0.0,3,1,3
5.0,3.0,"[3, 6, 40, 36, 50, 1]",3548.0,3403.0,3403.0,True,True,3403,,,,,,,,False,,0.0,3,1,3
5.0,3.0,"[3, 7, 40, 34, 54, 1]",3551.0,3403.0,3403.0,True,True,3403,,,,,,,,False,,0.0,3,1,3
5.0,3.0,"[3, 6, 44, 34, 52, 1]",3598.0,3403.0,3403.0,True,True,3403,,,,,,,,False,,0.0,3,1,3
5.0,3.0,"[3, 8, 44, 38, 40, 1]",3608.0,3403.0,3403.0,True,True,3403,,,,,,,,False,,0.0,3,1,3
5.0,3.0,"[3, 9, 41, 36, 46, 1]",3574.0,3403.0,3403.0,True,True,3403,,,,,,,,False,,0.0,3,1,3
5.0,3.0,"[3, 7, 39, 37, 48, 1]",3561.0,3403.0,3403.0,True,True,3403,,,,,,,,False,,0.0,3,1,3
5.0,3.0,"[3, 7, 41, 35, 50, 1]",3543.0,3403.0,3403.0,True,True,3403,,,,,,,,False,,0.0,3,1,3
5.0,3.0,"[3, 8, 40, 37, 45, 1]",3534.0,3403.0,3403.0,True,True,3403,,,,,,,,False,,0.0,3,1,3
5.0,3.0,"[3, 6, 49, 36, 43, 1]",3667.0,3403.0,3403.0,True,True,3403,,,,,,,,False,,0.0,3,1,3
5.0,3.0,"[3, 15, 39, 36, 47, 1]",3773.0,3403.0,3403.0,True,True,3403,,,,,,,,False,,0.0,3,1,3
5.0,3.0,"[3, 19, 40, 38, 42, 1]",3975.0,3403.0,3403.0,True,True,3403,,,,,,,,False,,0.0,3,1,3
5.0,3.0,"[3, 7, 45, 38, 40, 1]",3606.0,3403.0,3403.0,True,True,3403,,,,,,,,False,,0.0,3,1,3
5.0,3.0,"[3, 7, 40, 36, 49, 1]",3554.0,3403.0,3403.0,True,True,3403,,,,,,,,False,,0.0,3,1,3
5.0,3.0,"[3, 6, 40, 34, 55, 1]",3543.0,3403.0,3403.0,True,True,3403,,,,,,,,False,,0.0,3,1,3
5.0,3.0,"[3, 9, 42, 33, 52, 1]",3559.0,3403.0,3403.0,True,True,3403,,,,,,,,False,,0.0,3,1,3
5.0,3.0,"[3, 9, 41, 37, 43, 1]",3547.0,3403.0,3403.0,True,True,3403,,,,,,,,False,,0.0,3,1,3
5.0,3.0,"[3, 10, 39, 34, 53, 1]",3601.0,3403.0,3403.0,True,True,3403,,,,,,,,False,,0.0,3,1,3
5.0,3.0,"[3, 10, 41, 33, 53, 1]",3595.0,3403.0,3403.0,True,True,3403,,,,,,,,False,,0.0,3,1,3
5.0,3.0,"[3, 8, 40, 35, 50, 1]",3544.0,3403.0,3403.0,True,True,3403,,,,,,,,False,,0.0,3,1,3
5.0,3.0,"[3, 13, 9, 54, 54, 1]",3612.0,3403.0,3403.0,True,True,3403,,,,,,,,False,,0.0,3,1,3
5.0,3.0,"[3, 8, 39, 37, 47, 1]",3565.0,3403.0,3403.0,True,True,3403,,,,,,,,False,,0.0,3,1,3
5.0,3.0,"[3, 10, 44, 36, 41, 1]",3571.0,3403.0,3403.0,True,True,3403,,,,,,,,False,,0.0,3,1,3
5.0,3.0,"[3, 13, 37, 34, 55, 1]",3703.0,3403.0,3403.0,True,True,3403,,,,,,,,False,,0.0,3,1,3
5.0,3.0,"[3, 8, 45, 33, 51, 1]",3603.0,3403.0,3403.0,True,True,3403,,,,,,,,False,,0.0,3,1,3
5.0,2.0,"[5, 55, 53, 54, 35, 1]",7977.0,4845.0,4845.0,True,True,4845,,,,,,,,False,,0.0,5,1,2
5.0,2.0,"[5, 54, 55, 51, 52, 1]",8749.0,4845.0,4845.0,True,True,4845,,,,,,,,False,,0.0,5,1,2
5.0,2.0,"[5, 25, 55, 51, 53, 1]",7061.0,4845.0,4845.0,True,True,4845,,,,,,,,False,,0.0,5,1,2
4.0,2.0,"[8, 136, 111, 139, 1]",31752.0,6435.0,6435.0,True,True,6435,,,,,,,,False,,0.0,8,1,2
